I want to change the address,Address Change request
Address change request,Address Change request
Requesting you to change the address,Address Change request
I would like to change the address,Address Change request
I want to raise the request to change address,Address Change request
Change Comunication address,Address Change request
I want to change the phone number,Conatct number change request
Contact change request,Conatct number change request
Requesting you to change the contact number,Conatct number change request
I would like to change the contact ,Conatct number change request
I want to raise the request to change phone number,Conatct number change request
change phone number for communication,Conatct number change request
update new contact number,Conatct number change request
update new contact number and communication address,Contact number and Address change request
change communication address and number too,Contact number and Address change request
raise request to change contact number and new address,Contact number and Address change request
kindly change address and phone number,Contact number and Address change request
I want to change communication address and contact number,Contact number and Address change request